{
    "root_group": {
        "name": "",
        "path": "",
        "id": "d41d8cd98f00b204e9800998ecf8427e",
        "groups": {},
        "checks": {
                "ping status 200": {
                    "name": "ping status 200",
                    "path": "::ping status 200",
                    "id": "ff8df03119ffcb6fd688e4d11cb25a41",
                    "passes": 10,
                    "fails": 0
                }
            }
    },
    "metrics": {
        "http_req_sending": {
            "p(90)": 0.255891,
            "p(95)": 0.26238449999999996,
            "avg": 0.0922217,
            "min": 0.017362,
            "med": 0.0372595,
            "max": 0.268878
        },
        "vus": {
            "value": 1,
            "min": 1,
            "max": 1
        },
        "iterations": {
            "rate": 0.986305984402299,
            "count": 10
        },
        "http_req_failed": {
            "passes": 0,
            "fails": 10,
            "thresholds": {
                "rate<0.01": false
            },
            "value": 0
        },
        "vus_max": {
            "value": 1,
            "min": 1,
            "max": 1
        },
        "http_req_blocked": {
            "min": 0.005931,
            "med": 0.08408199999999999,
            "max": 0.486576,
            "p(90)": 0.4404339,
            "p(95)": 0.46350494999999997,
            "avg": 0.1575673
        },
        "iteration_duration": {
            "p(90)": 1019.3731875999999,
            "p(95)": 1025.7664483,
            "avg": 1012.3316678000001,
            "min": 1003.731239,
            "med": 1011.0333975,
            "max": 1032.159709
        },
        "http_req_duration": {
            "p(95)": 11.417046649999998,
            "avg": 7.397529399999999,
            "min": 2.698782,
            "med": 8.353679,
            "max": 12.221306,
            "p(90)": 10.612787299999999,
            "thresholds": {
                "p(95)<1000": false
            }
        },
        "http_req_tls_handshaking": {
            "min": 0,
            "med": 0,
            "max": 0,
            "p(90)": 0,
            "p(95)": 0,
            "avg": 0
        },
        "checks": {
            "passes": 10,
            "fails": 0,
            "value": 1
        },
        "http_req_receiving": {
            "p(90)": 0.9480283999999999,
            "p(95)": 1.0738051999999996,
            "avg": 0.4911519999999999,
            "min": 0.234474,
            "med": 0.36071949999999997,
            "max": 1.199582
        },
        "data_received": {
            "rate": 270.2478397262299,
            "count": 2740
        },
        "http_reqs": {
            "count": 10,
            "rate": 0.986305984402299
        },
        "http_req_duration{expected_response:true}": {
            "p(95)": 11.417046649999998,
            "avg": 7.397529399999999,
            "min": 2.698782,
            "med": 8.353679,
            "max": 12.221306,
            "p(90)": 10.612787299999999
        },
        "data_sent": {
            "count": 780,
            "rate": 76.93186678337932
        },
        "http_req_waiting": {
            "med": 7.5486655,
            "max": 11.50974,
            "p(90)": 10.314034199999998,
            "p(95)": 10.911887099999998,
            "avg": 6.814155699999999,
            "min": 2.402982
        },
        "http_req_connecting": {
            "p(90)": 0.010025999999999964,
            "p(95)": 0.055142999999999893,
            "avg": 0.010026,
            "min": 0,
            "med": 0,
            "max": 0.10026
        }
    }
}