{
    "metrics": {
        "http_req_connecting": {
            "avg": 0.0177846,
            "min": 0,
            "med": 0,
            "max": 0.177846,
            "p(90)": 0.01778459999999994,
            "p(95)": 0.09781529999999981
        },
        "data_sent": {
            "count": 780,
            "rate": 77.51665099999498
        },
        "http_reqs": {
            "count": 10,
            "rate": 0.9938032179486536
        },
        "http_req_waiting": {
            "p(95)": 13.31458689999998,
            "avg": 4.1563002000000004,
            "min": 1.43116,
            "med": 2.1810099999999997,
            "max": 20.803846,
            "p(90)": 5.825327799999994
        },
        "iterations": {
            "rate": 0.9938032179486536,
            "count": 10
        },
        "http_req_blocked": {
            "min": 0.003163,
            "med": 0.005322,
            "max": 0.543139,
            "p(90)": 0.21280569999999988,
            "p(95)": 0.3779723499999996,
            "avg": 0.0758507
        },
        "vus": {
            "value": 1,
            "min": 1,
            "max": 1
        },
        "http_req_duration": {
            "avg": 4.46799,
            "min": 1.671418,
            "med": 2.530181,
            "max": 21.266433,
            "p(90)": 6.354614699999994,
            "p(95)": 13.810523849999981,
            "thresholds": {
                "p(95)<1000": false
            }
        },
        "http_req_duration{expected_response:true}": {
            "med": 2.530181,
            "max": 21.266433,
            "p(90)": 6.354614699999994,
            "p(95)": 13.810523849999981,
            "avg": 4.46799,
            "min": 1.671418
        },
        "http_req_failed": {
            "fails": 10,
            "passes": 0,
            "thresholds": {
                "rate<0.01": false
            },
            "value": 0
        },
        "http_req_sending": {
            "p(90)": 0.04284949999999994,
            "p(95)": 0.10956874999999985,
            "avg": 0.03263919999999999,
            "min": 0.009647,
            "med": 0.0177775,
            "max": 0.176288
        },
        "iteration_duration": {
            "avg": 1005.9606046000001,
            "min": 1002.00087,
            "med": 1003.5435494999999,
            "max": 1029.820964,
            "p(90)": 1007.7267353000001,
            "p(95)": 1018.77384965
        },
        "http_req_receiving": {
            "avg": 0.2790506,
            "min": 0.101412,
            "med": 0.248165,
            "max": 0.514919,
            "p(90)": 0.42927139999999997,
            "p(95)": 0.4720951999999999
        },
        "checks": {
            "passes": 10,
            "fails": 0,
            "value": 1
        },
        "http_req_tls_handshaking": {
            "avg": 0,
            "min": 0,
            "med": 0,
            "max": 0,
            "p(90)": 0,
            "p(95)": 0
        },
        "vus_max": {
            "value": 1,
            "min": 1,
            "max": 1
        },
        "data_received": {
            "count": 2740,
            "rate": 272.30208171793106
        }
    },
    "root_group": {
        "name": "",
        "path": "",
        "id": "d41d8cd98f00b204e9800998ecf8427e",
        "groups": {},
        "checks": {
                "ping status 200": {
                    "name": "ping status 200",
                    "path": "::ping status 200",
                    "id": "ff8df03119ffcb6fd688e4d11cb25a41",
                    "passes": 10,
                    "fails": 0
                }
            }
    }
}