{
    "root_group": {
        "groups": {},
        "checks": {
                "ping status 200": {
                    "passes": 10,
                    "fails": 0,
                    "name": "ping status 200",
                    "path": "::ping status 200",
                    "id": "ff8df03119ffcb6fd688e4d11cb25a41"
                }
            },
        "name": "",
        "path": "",
        "id": "d41d8cd98f00b204e9800998ecf8427e"
    },
    "metrics": {
        "http_req_connecting": {
            "p(90)": 0.014319999999999949,
            "p(95)": 0.07875999999999984,
            "avg": 0.01432,
            "min": 0,
            "med": 0,
            "max": 0.1432
        },
        "vus_max": {
            "value": 1,
            "min": 1,
            "max": 1
        },
        "iteration_duration": {
            "p(90)": 1006.6442748999999,
            "p(95)": 1019.5310774499999,
            "avg": 1005.8486684,
            "min": 1001.853101,
            "med": 1002.982888,
            "max": 1032.41788
        },
        "vus": {
            "min": 1,
            "max": 1,
            "value": 1
        },
        "http_reqs": {
            "rate": 0.9940389530710533,
            "count": 10
        },
        "http_req_blocked": {
            "p(90)": 0.07313519999999978,
            "p(95)": 0.36269309999999927,
            "avg": 0.07055049999999999,
            "min": 0.003469,
            "med": 0.00563,
            "max": 0.652251
        },
        "checks": {
            "passes": 10,
            "fails": 0,
            "value": 1
        },
        "http_req_duration{expected_response:true}": {
            "p(95)": 16.557864049999974,
            "avg": 4.7707469,
            "min": 1.665819,
            "med": 2.1849995,
            "max": 27.395786,
            "p(90)": 5.719942099999992
        },
        "data_received": {
            "count": 2740,
            "rate": 272.3666731414686
        },
        "http_req_failed": {
            "passes": 0,
            "fails": 10,
            "thresholds": {
                "rate<0.01": false
            },
            "value": 0
        },
        "http_req_waiting": {
            "min": 1.336693,
            "med": 1.7571020000000002,
            "max": 26.698751,
            "p(90)": 5.239459699999991,
            "p(95)": 15.969105349999975,
            "avg": 4.3871687
        },
        "http_req_tls_handshaking": {
            "avg": 0,
            "min": 0,
            "med": 0,
            "max": 0,
            "p(90)": 0,
            "p(95)": 0
        },
        "iterations": {
            "count": 10,
            "rate": 0.9940389530710533
        },
        "http_req_receiving": {
            "avg": 0.34144630000000004,
            "min": 0.143359,
            "med": 0.360149,
            "max": 0.54883,
            "p(90)": 0.45047529999999997,
            "p(95)": 0.4996526499999999
        },
        "data_sent": {
            "count": 780,
            "rate": 77.53503833954215
        },
        "http_req_duration": {
            "avg": 4.7707469,
            "min": 1.665819,
            "med": 2.1849995,
            "max": 27.395786,
            "p(90)": 5.719942099999992,
            "p(95)": 16.557864049999974,
            "thresholds": {
                "p(95)<1000": false
            }
        },
        "http_req_sending": {
            "avg": 0.0421319,
            "min": 0.012291,
            "med": 0.01786,
            "max": 0.148205,
            "p(90)": 0.1365842,
            "p(95)": 0.14239459999999998
        }
    }
}