{
    "root_group": {
        "name": "",
        "path": "",
        "id": "d41d8cd98f00b204e9800998ecf8427e",
        "groups": {},
        "checks": {
                "ping status 200": {
                    "id": "ff8df03119ffcb6fd688e4d11cb25a41",
                    "passes": 10,
                    "fails": 0,
                    "name": "ping status 200",
                    "path": "::ping status 200"
                }
            }
    },
    "metrics": {
        "http_req_tls_handshaking": {
            "p(90)": 0,
            "p(95)": 0,
            "avg": 0,
            "min": 0,
            "med": 0,
            "max": 0
        },
        "vus": {
            "max": 1,
            "value": 1,
            "min": 1
        },
        "http_req_connecting": {
            "avg": 0.0150472,
            "min": 0,
            "med": 0,
            "max": 0.150472,
            "p(90)": 0.015047199999999946,
            "p(95)": 0.08275959999999984
        },
        "http_req_receiving": {
            "med": 0.301685,
            "max": 0.530275,
            "p(90)": 0.4467073,
            "p(95)": 0.48849114999999993,
            "avg": 0.3191282,
            "min": 0.1612
        },
        "checks": {
            "passes": 10,
            "fails": 0,
            "value": 1
        },
        "http_req_duration": {
            "min": 1.35699,
            "med": 2.9132480000000003,
            "max": 14.204328,
            "p(90)": 11.568533999999998,
            "p(95)": 12.886430999999996,
            "avg": 5.4513649,
            "thresholds": {
                "p(95)<1000": false
            }
        },
        "iteration_duration": {
            "med": 1003.700919,
            "max": 1019.400531,
            "p(90)": 1017.7925604,
            "p(95)": 1018.5965457,
            "avg": 1007.7266671000001,
            "min": 1002.222307
        },
        "iterations": {
            "count": 10,
            "rate": 0.9913445334060088
        },
        "http_req_failed": {
            "passes": 0,
            "fails": 10,
            "thresholds": {
                "rate<0.01": false
            },
            "value": 0
        },
        "vus_max": {
            "value": 1,
            "min": 1,
            "max": 1
        },
        "http_req_duration{expected_response:true}": {
            "avg": 5.4513649,
            "min": 1.35699,
            "med": 2.9132480000000003,
            "max": 14.204328,
            "p(90)": 11.568533999999998,
            "p(95)": 12.886430999999996
        },
        "http_reqs": {
            "count": 10,
            "rate": 0.9913445334060088
        },
        "http_req_sending": {
            "med": 0.018050999999999998,
            "max": 0.660492,
            "p(90)": 0.20300669999999982,
            "p(95)": 0.4317493499999994,
            "avg": 0.09609500000000001,
            "min": 0.011067
        },
        "data_received": {
            "count": 2740,
            "rate": 271.6284021532464
        },
        "data_sent": {
            "count": 780,
            "rate": 77.32487360566869
        },
        "http_req_waiting": {
            "avg": 5.0361417,
            "min": 1.150699,
            "med": 2.5463,
            "max": 13.106414,
            "p(90)": 11.028974599999998,
            "p(95)": 12.067694299999996
        },
        "http_req_blocked": {
            "p(95)": 0.49023049999999996,
            "avg": 0.11210660000000001,
            "min": 0.003807,
            "med": 0.005608500000000001,
            "max": 0.517514,
            "p(90)": 0.462947
        }
    }
}