{
    "metrics": {
        "vus": {
            "min": 1,
            "max": 1,
            "value": 1
        },
        "data_received": {
            "count": 3930,
            "rate": 383.6317585682995
        },
        "iterations": {
            "count": 10,
            "rate": 0.976162235542747
        },
        "iteration_duration": {
            "p(95)": 1050.9779879,
            "avg": 1021.1450603000001,
            "min": 1003.324915,
            "med": 1016.6808835,
            "max": 1062.489806,
            "p(90)": 1039.4661698
        },
        "http_req_waiting": {
            "p(90)": 13.815472299999994,
            "p(95)": 20.495386149999984,
            "avg": 7.9599489000000005,
            "min": 1.076351,
            "med": 6.803212500000001,
            "max": 27.1753
        },
        "http_req_tls_handshaking": {
            "max": 0,
            "p(90)": 0,
            "p(95)": 0,
            "avg": 0,
            "min": 0,
            "med": 0
        },
        "http_req_duration{expected_response:true}": {
            "max": 34.376068,
            "p(90)": 15.583505499999992,
            "p(95)": 24.979786749999974,
            "avg": 9.2339478,
            "min": 1.358004,
            "med": 7.603421
        },
        "data_sent": {
            "rate": 76.14065437233425,
            "count": 780
        },
        "http_req_blocked": {
            "min": 0.006097,
            "med": 0.370616,
            "max": 0.947975,
            "p(90)": 0.7709701999999999,
            "p(95)": 0.8594725999999998,
            "avg": 0.38745559999999996
        },
        "http_req_sending": {
            "med": 0.253073,
            "max": 2.617489,
            "p(90)": 0.7290819999999993,
            "p(95)": 1.6732854999999978,
            "avg": 0.4824314,
            "min": 0.028472
        },
        "http_reqs": {
            "count": 10,
            "rate": 0.976162235542747
        },
        "http_req_failed": {
            "passes": 0,
            "fails": 10,
            "thresholds": {
                "rate<0.01": false
            },
            "value": 0
        },
        "http_req_connecting": {
            "max": 0.132293,
            "p(90)": 0.013229299999999953,
            "p(95)": 0.07276114999999986,
            "avg": 0.0132293,
            "min": 0,
            "med": 0
        },
        "vus_max": {
            "value": 1,
            "min": 1,
            "max": 1
        },
        "http_req_receiving": {
            "avg": 0.7915675,
            "min": 0.085235,
            "med": 0.41560549999999996,
            "max": 4.583279,
            "p(90)": 1.1003770999999987,
            "p(95)": 2.841828049999996
        },
        "checks": {
            "passes": 10,
            "fails": 0,
            "value": 1
        },
        "http_req_duration": {
            "med": 7.603421,
            "max": 34.376068,
            "p(90)": 15.583505499999992,
            "p(95)": 24.979786749999974,
            "avg": 9.2339478,
            "min": 1.358004,
            "thresholds": {
                "p(95)<1000": false
            }
        }
    },
    "root_group": {
        "name": "",
        "path": "",
        "id": "d41d8cd98f00b204e9800998ecf8427e",
        "groups": {},
        "checks": {
                "ping status 200": {
                    "name": "ping status 200",
                    "path": "::ping status 200",
                    "id": "ff8df03119ffcb6fd688e4d11cb25a41",
                    "passes": 10,
                    "fails": 0
                }
            }
    }
}