{
    "metrics": {
        "http_req_failed": {
            "fails": 10,
            "passes": 0,
            "thresholds": {
                "rate<0.01": false
            },
            "value": 0
        },
        "http_req_blocked": {
            "med": 0.0086465,
            "max": 0.398173,
            "p(90)": 0.26515839999999996,
            "p(95)": 0.33166569999999984,
            "avg": 0.08384029999999999,
            "min": 0.005497
        },
        "iterations": {
            "count": 10,
            "rate": 0.993665820686449
        },
        "http_req_duration{expected_response:true}": {
            "p(90)": 3.619290499999998,
            "p(95)": 5.972477749999994,
            "avg": 2.3767621,
            "min": 1.149953,
            "med": 1.656803,
            "max": 8.325665
        },
        "checks": {
            "passes": 10,
            "fails": 0,
            "value": 1
        },
        "http_req_tls_handshaking": {
            "p(90)": 0,
            "p(95)": 0,
            "avg": 0,
            "min": 0,
            "med": 0,
            "max": 0
        },
        "data_sent": {
            "count": 780,
            "rate": 77.50593401354303
        },
        "http_req_waiting": {
            "min": 0.962801,
            "med": 1.2189765,
            "max": 7.826936,
            "p(90)": 3.2398168999999983,
            "p(95)": 5.533376449999995,
            "avg": 1.9896263
        },
        "vus": {
            "value": 1,
            "min": 1,
            "max": 1
        },
        "data_received": {
            "count": 3930,
            "rate": 390.5106675297745
        },
        "iteration_duration": {
            "min": 1001.790223,
            "med": 1002.875674,
            "max": 1011.328575,
            "p(90)": 1008.8485719,
            "p(95)": 1010.08857345,
            "avg": 1004.7059620999999
        },
        "http_req_connecting": {
            "med": 0,
            "max": 0.131334,
            "p(90)": 0.013133399999999955,
            "p(95)": 0.07223369999999986,
            "avg": 0.0131334,
            "min": 0
        },
        "http_req_duration": {
            "max": 8.325665,
            "p(90)": 3.619290499999998,
            "p(95)": 5.972477749999994,
            "avg": 2.3767621,
            "min": 1.149953,
            "med": 1.656803,
            "thresholds": {
                "p(95)<1000": false
            }
        },
        "http_req_sending": {
            "avg": 0.1908767,
            "min": 0.016428,
            "med": 0.15681949999999997,
            "max": 0.401391,
            "p(90)": 0.3944565,
            "p(95)": 0.39792374999999996
        },
        "vus_max": {
            "value": 1,
            "min": 1,
            "max": 1
        },
        "http_reqs": {
            "count": 10,
            "rate": 0.993665820686449
        },
        "http_req_receiving": {
            "avg": 0.1962591,
            "min": 0.071246,
            "med": 0.0819875,
            "max": 1.122414,
            "p(90)": 0.24451709999999965,
            "p(95)": 0.683465549999999
        }
    },
    "root_group": {
        "id": "d41d8cd98f00b204e9800998ecf8427e",
        "groups": {},
        "checks": {
                "ping status 200": {
                    "name": "ping status 200",
                    "path": "::ping status 200",
                    "id": "ff8df03119ffcb6fd688e4d11cb25a41",
                    "passes": 10,
                    "fails": 0
                }
            },
        "name": "",
        "path": ""
    }
}