{
    "metrics": {
        "http_req_sending": {
            "avg": 1.2311945999999998,
            "min": 0.27151,
            "med": 0.6931944999999999,
            "max": 4.543106,
            "p(90)": 3.2721070999999995,
            "p(95)": 3.9076065499999983
        },
        "http_req_waiting": {
            "avg": 14.8745193,
            "min": 4.245118,
            "med": 13.581228500000002,
            "max": 41.032341,
            "p(90)": 24.988733099999994,
            "p(95)": 33.01053704999998
        },
        "http_reqs": {
            "count": 10,
            "rate": 0.9551831702454974
        },
        "checks": {
            "passes": 10,
            "fails": 0,
            "value": 1
        },
        "iterations": {
            "rate": 0.9551831702454974,
            "count": 10
        },
        "vus": {
            "value": 1,
            "min": 1,
            "max": 1
        },
        "http_req_blocked": {
            "avg": 0.6087967999999999,
            "min": 0.138985,
            "med": 0.37224749999999995,
            "max": 2.019772,
            "p(90)": 1.1670147999999998,
            "p(95)": 1.5933933999999992
        },
        "vus_max": {
            "value": 1,
            "min": 1,
            "max": 1
        },
        "data_received": {
            "count": 3930,
            "rate": 375.3869859064805
        },
        "http_req_receiving": {
            "p(90)": 1.8091635999999998,
            "p(95)": 2.1129297999999994,
            "avg": 0.8718672,
            "min": 0.168836,
            "med": 0.565831,
            "max": 2.416696
        },
        "data_sent": {
            "count": 780,
            "rate": 74.5042872791488
        },
        "http_req_duration": {
            "max": 47.992143,
            "p(90)": 29.36698229999999,
            "p(95)": 38.67956264999998,
            "avg": 16.977581100000002,
            "min": 4.862163,
            "med": 14.826858000000001,
            "thresholds": {
                "p(95)<1000": false
            }
        },
        "iteration_duration": {
            "min": 1017.174741,
            "med": 1036.967256,
            "max": 1099.397561,
            "p(90)": 1070.8027745,
            "p(95)": 1085.1001677499999,
            "avg": 1040.9443532999999
        },
        "http_req_duration{expected_response:true}": {
            "avg": 16.977581100000002,
            "min": 4.862163,
            "med": 14.826858000000001,
            "max": 47.992143,
            "p(90)": 29.36698229999999,
            "p(95)": 38.67956264999998
        },
        "http_req_connecting": {
            "max": 0.156593,
            "p(90)": 0.015659299999999945,
            "p(95)": 0.08612614999999983,
            "avg": 0.0156593,
            "min": 0,
            "med": 0
        },
        "http_req_failed": {
            "passes": 0,
            "fails": 10,
            "thresholds": {
                "rate<0.01": false
            },
            "value": 0
        },
        "http_req_tls_handshaking": {
            "avg": 0,
            "min": 0,
            "med": 0,
            "max": 0,
            "p(90)": 0,
            "p(95)": 0
        }
    },
    "root_group": {
        "name": "",
        "path": "",
        "id": "d41d8cd98f00b204e9800998ecf8427e",
        "groups": {},
        "checks": {
                "ping status 200": {
                    "name": "ping status 200",
                    "path": "::ping status 200",
                    "id": "ff8df03119ffcb6fd688e4d11cb25a41",
                    "passes": 10,
                    "fails": 0
                }
            }
    }
}