{
    "root_group": {
        "path": "",
        "id": "d41d8cd98f00b204e9800998ecf8427e",
        "groups": {},
        "checks": {
                "ping status 200": {
                    "name": "ping status 200",
                    "path": "::ping status 200",
                    "id": "ff8df03119ffcb6fd688e4d11cb25a41",
                    "passes": 10,
                    "fails": 0
                }
            },
        "name": ""
    },
    "metrics": {
        "http_req_duration": {
            "p(90)": 10.7497744,
            "p(95)": 11.0050162,
            "avg": 5.974935499999999,
            "min": 1.106853,
            "med": 7.3367629999999995,
            "max": 11.260258,
            "thresholds": {
                "p(95)<1000": false
            }
        },
        "http_req_duration{expected_response:true}": {
            "med": 7.3367629999999995,
            "max": 11.260258,
            "p(90)": 10.7497744,
            "p(95)": 11.0050162,
            "avg": 5.974935499999999,
            "min": 1.106853
        },
        "http_req_connecting": {
            "p(95)": 0.07033894999999986,
            "avg": 0.0127889,
            "min": 0,
            "med": 0,
            "max": 0.127889,
            "p(90)": 0.012788899999999956
        },
        "http_reqs": {
            "count": 10,
            "rate": 0.9840267836597995
        },
        "iterations": {
            "count": 10,
            "rate": 0.9840267836597995
        },
        "http_req_waiting": {
            "max": 10.421873,
            "p(90)": 10.3931612,
            "p(95)": 10.4075171,
            "avg": 5.3336393,
            "min": 1.030169,
            "med": 6.7010285
        },
        "http_req_sending": {
            "max": 0.698706,
            "p(90)": 0.5868099,
            "p(95)": 0.6427579499999999,
            "avg": 0.27026729999999993,
            "min": 0.017409,
            "med": 0.2400145
        },
        "data_received": {
            "count": 3930,
            "rate": 386.7225259783012
        },
        "data_sent": {
            "count": 780,
            "rate": 76.75408912546435
        },
        "http_req_tls_handshaking": {
            "min": 0,
            "med": 0,
            "max": 0,
            "p(90)": 0,
            "p(95)": 0,
            "avg": 0
        },
        "iteration_duration": {
            "min": 1002.012607,
            "med": 1018.1987495,
            "max": 1023.666705,
            "p(90)": 1022.8730265,
            "p(95)": 1023.26986575,
            "avg": 1014.1268561
        },
        "http_req_receiving": {
            "avg": 0.3710289,
            "min": 0.054147,
            "med": 0.2094745,
            "max": 1.862272,
            "p(90)": 0.6646419999999995,
            "p(95)": 1.2634569999999985
        },
        "vus_max": {
            "value": 1,
            "min": 1,
            "max": 1
        },
        "http_req_failed": {
            "passes": 0,
            "fails": 10,
            "thresholds": {
                "rate<0.01": false
            },
            "value": 0
        },
        "http_req_blocked": {
            "p(95)": 0.7570070499999992,
            "avg": 0.23634309999999997,
            "min": 0.00579,
            "med": 0.135309,
            "max": 1.025869,
            "p(90)": 0.4881450999999998
        },
        "vus": {
            "value": 1,
            "min": 1,
            "max": 1
        },
        "checks": {
            "passes": 10,
            "fails": 0,
            "value": 1
        }
    }
}